<?xml version="1.0" encoding="UTF-8"?>
<project-private xmlns="http://www.netbeans.org/ns/project-private/1">
    <editor-bookmarks xmlns="http://www.netbeans.org/ns/editor-bookmarks/2" lastBookmarkId="0"/>
    <open-files xmlns="http://www.netbeans.org/ns/projectui-open-files/2">
        <group>
            <file>file:/C:/Users/mitwo/Documents/NetBeansProjects/hotel_reservation/src/user/UserLogin.java</file>
            <file>file:/C:/Users/mitwo/Documents/NetBeansProjects/hotel_reservation/src/user/UserHome.java</file>
            <file>file:/C:/Users/mitwo/Documents/NetBeansProjects/hotel_reservation/src/datahandler/DataHandler.java</file>
            <file>file:/C:/Users/mitwo/Documents/NetBeansProjects/hotel_reservation/src/staff/StaffLogin.java</file>
            <file>file:/C:/Users/mitwo/Documents/NetBeansProjects/hotel_reservation/src/staff/StaffHome.java</file>
        </group>
    </open-files>
</project-private>
